mile,name,note
1.4,Campo,
77.3,Julian,
109.5,Warner Springs,
151.9,Paradise Valley Café,
179.4,Idyllwild,depends on side trail
266.1,Big Bear Lake / Big Bear City,
342.0,Cajon Junction,MCDONALDS
369.4,Wrightwood,
454.5,Agua Dulce,
517.6,Hikertown,
566.4,Tehachapi,
702.2,Kennedy Meadows South,
789.1,Bishop,depends on side trail
874.5,Vermilion Valley Resort,
906.6,Mammoth Lakes,
942.5,Tuolumne Meadows,
1016.9,Strawberry,
1090.8,South Lake Tahoe,
1153.4,Truckee,
1267.9,Quincy,
1373.5,Old Station,
1419.0,McArthur-Burney Falls State Park,
1501.1,Castella,
1599.7,Etna,
1655.9,Seiad Valley,
1718.7,Ashland,
1821.7,Mazama Village at Crater Lake,
1906.6,Shelter Cove,
1983.8,Bend,
1995.1,Big Lake Youth Camp,
2086.5,Government Camp,
2097.0,Timberline Lodge,
2146.7,Cascade Locks,
2228.9,Trout Lake,
2294.9,White Pass,
2393.1,Snoqualmie Pass,
2464.1,Stevens Pass,
2464.1,Leavenworth,
2571.9,Stehekin,
2591.1,Mazama,
